id,class
0,0
1,0
2,0
3,0
4,0
5,0
6,0
7,0
8,0
9,0
10,0
11,0
12,0
13,0
14,0
15,0
16,0
17,0
18,0
19,0
20,0
21,0
22,0
23,0
24,0
25,0
26,0
27,0
28,0
29,0
30,0
31,0
32,0
33,0
34,0
35,0
36,0
37,0
38,0
39,0
40,0
41,0
42,0
43,0
44,0
45,0
46,0
47,0
48,0
49,0
50,0
51,0
52,0
53,0
54,0
55,0
56,0
57,0
58,0
59,0
60,0
61,0
62,0
63,0
64,0
65,0
66,0
67,0
68,0
69,0
70,0
71,0
72,0
73,0
74,0
75,0
76,1
77,2
78,1
79,1
80,1
81,3
82,4
83,0
84,5
85,5
86,4
87,6
88,7
89,7
90,6
91,7
92,7
93,6
94,6
95,6
96,8
97,9
98,10
99,11
100,10
101,11
102,9
103,12
104,13
105,14
106,13
107,14
108,14
109,15
110,14
111,14
112,14
113,14
114,15
115,15
116,15
117,15
118,15
119,15
120,15
121,9
122,15
123,5
124,6
125,15
126,14
127,11
128,15
129,15
130,16
131,15
132,15
133,15
134,15
135,15
136,15
137,16
138,15
139,16
140,16
141,16
142,17
143,14
144,6
145,11
146,15
147,6
148,15
149,13
150,17
151,17
152,17
153,17
154,17
155,15
156,17
157,17
158,17
159,17
160,16
161,17
162,17
163,17
164,17
165,17
166,17
167,17
168,17
169,17
170,17
171,17
172,17
173,17
174,6
175,17
176,15
177,14
178,17
179,6
180,17
181,17
182,17
183,17
184,17
185,17
186,17
187,17
188,17
189,17
190,17
191,17
192,17
193,17
194,17
195,17
196,17
197,17
198,17
199,17
200,17
201,17
202,17
203,17
204,17
205,17
206,17
207,17
208,17
209,17
210,17
211,17
212,17
213,17
214,17
215,17
216,17
217,17
218,17
219,17
220,17
221,17
222,17
223,17
224,17
225,17
226,17
227,17
228,17
229,17
230,17
231,17
232,17
233,18
234,18
235,18
236,17
237,18
238,17
239,18
240,19
241,18
242,19
243,17
244,18
245,19
246,17
247,17
248,17
249,15
250,17
251,17
252,17
253,18
254,19
255,18
256,19
257,18
258,19
259,19
260,19
261,19
262,18
263,17
264,16
265,19
266,17
267,19
268,19
269,19
270,19
271,19
272,19
273,19
274,19
275,19
276,17
277,19
278,19
279,19
280,19
281,19
282,19
283,19
284,19
285,19
286,19
287,19
288,18
289,20
290,19
291,19
292,20
293,20
294,19
295,20
296,20
297,20
298,17
299,19
300,20
301,20
302,20
303,20
304,20
305,20
306,20
307,20
308,20
309,19
310,20
311,19
312,20
313,20
314,17
315,20
316,20
317,20
318,20
319,20
320,20
321,19
322,20
323,20
324,20
325,19
326,20
327,19
328,20
329,20
330,20
331,20
332,20
333,20
334,19
335,19
336,20
337,20
338,19
339,17
340,21
341,20
342,20
343,19
344,20
345,19
346,19
347,20
348,20
349,20
350,20
351,19
352,17
353,15
354,20
355,19
356,20
357,20
358,21
359,21
360,20
361,20
362,21
363,20
364,20
365,20
366,19
367,6
368,17
369,17
370,20
371,17
372,19
373,21
374,21
375,21
376,20
377,19
378,18
379,21
380,20
381,19
382,21
383,21
384,21
385,19
386,20
387,21
388,21
389,20
390,17
391,19
392,21
393,21
394,21
395,21
396,21
397,21
398,21
399,21
400,21
401,19
402,21
403,21
404,21
405,21
406,21
407,21
408,21
409,18
410,21
411,20
412,20
413,21
414,21
415,20
416,21
417,21
418,21
419,21
420,21
421,19
422,17
423,17
424,17
425,19
426,17
427,13
428,21
429,21
430,21
431,21
432,20
433,19
434,17
435,21
436,21
437,21
438,20
439,21
440,20
441,21
442,21
443,20
444,21
445,21
446,20
447,21
448,19
449,18
450,20
451,21
452,21
453,21
454,21
455,21
456,20
457,21
458,21
459,21
460,21
461,21
462,21
463,21
464,21
465,21
466,21
467,21
468,21
469,20
470,20
471,21
472,20
473,20
474,21
475,21
476,21
477,21
478,21
479,21
480,20
481,19
482,21
483,21
484,20
485,17
486,21
487,20
488,21
489,20
490,20
491,20
492,21
493,21
494,19
495,21
496,19
497,21
498,21
499,20
500,20
501,21
502,21
503,20
504,18
505,19
506,21
507,18
508,19
509,17
510,20
511,21
512,21
513,20
514,20
515,21
516,20
517,21
518,21
519,21
520,19
521,19
522,21
523,21
524,21
525,21
526,20
527,20
528,20
529,21
530,21
531,18
532,20
533,21
534,20
535,21
536,21
537,21
538,21
539,21
540,20
541,20
542,21
543,21
544,20
545,21
546,21
547,19
548,20
549,21
550,20
551,20
552,19
553,17
554,19
555,20
556,20
557,19
558,17
559,17
560,21
561,20
562,20
563,20
564,20
565,20
566,21
567,20
568,19
569,20
570,20
571,20
572,20
573,20
574,17
575,20
576,20
577,19
578,20
579,19
580,19
581,20
582,19
583,20
584,20
585,20
586,17
587,20
588,21
589,20
590,20
591,20
592,20
593,20
594,20
595,20
596,20
597,20
598,20
599,19
600,20
601,20
602,20
603,20
604,19
605,17
606,19
607,20
608,20
609,19
610,20
611,19
612,20
613,20
614,19
615,20
616,20
617,20
618,20
619,20
620,17
621,19
622,20
623,20
624,20
625,20
626,20
627,19
628,17
629,18
630,20
631,19
632,19
633,19
634,19
635,19
636,19
637,19
638,20
639,20
640,19
641,19
642,19
643,20
644,20
645,19
646,17
647,19
648,19
649,20
650,19
651,19
652,19
653,19
654,19
655,19
656,19
657,20
658,19
659,19
660,19
661,19
662,19
663,20
664,19
665,17
666,17
667,17
668,19
669,19
670,19
671,19
672,19
673,19
674,19
675,19
676,19
677,19
678,19
679,19
680,17
681,19
682,19
683,19
684,18
685,19
686,19
687,19
688,19
689,19
690,19
691,19
692,19
693,19
694,18
695,17
696,19
697,17
698,18
699,18
700,17
701,17
702,19
703,17
704,17
705,19
706,19
707,19
708,19
709,17
710,17
711,19
712,18
713,19
714,19
715,17
716,17
717,15
718,17
719,19
720,17
721,19
722,18
723,19
724,17
725,17
726,17
727,19
728,17
729,19
730,19
731,18
732,17
733,19
734,18
735,19
736,19
737,19
738,19
739,19
740,17
741,17
742,19
743,19
744,19
745,19
746,19
747,19
748,19
749,19
750,17
751,17
752,17
753,15
754,16
755,18
756,17
757,19
758,19
759,17
760,17
761,19
762,15
763,17
764,19
765,17
766,17
767,19
768,19
769,17
770,19
771,17
772,19
773,19
774,17
775,19
776,17
777,19
778,17
779,17
780,19
781,19
782,19
783,19
784,19
785,19
786,17
787,19
788,18
789,18
790,17
791,18
792,18
793,18
794,18
795,18
796,17
797,17
798,17
799,17
800,17
801,18
802,17
803,17
804,17
805,17
806,18
807,18
808,17
809,17
810,17
811,17
812,17
813,17
814,17
815,17
816,17
817,17
818,17
819,18
820,16
821,17
822,17
823,17
824,17
825,17
826,17
827,17
828,17
829,17
830,17
831,17
832,17
833,17
834,17
835,17
836,18
837,17
838,17
839,17
840,17
841,17
842,17
843,17
844,17
845,17
846,17
847,17
848,17
849,17
850,17
851,17
852,17
853,17
854,17
855,17
856,6
857,17
858,17
859,17
860,17
861,17
862,17
863,17
864,17
865,17
866,17
867,17
868,17
869,17
870,17
871,17
872,17
873,17
874,17
875,17
876,17
877,17
878,17
879,17
880,17
881,17
882,17
883,17
884,17
885,17
886,17
887,17
888,17
889,17
890,17
891,17
892,17
893,17
894,17
895,17
896,17
897,17
898,17
899,17
900,17
901,17
902,17
903,17
904,17
905,17
906,17
907,17
908,17
909,17
910,17
911,17
912,17
913,17
914,17
915,17
916,17
917,17
918,17
919,17
920,17
921,17
922,17
923,17
924,16
925,17
926,17
927,17
928,17
929,17
930,17
931,17
932,17
933,17
934,17
935,17
936,17
937,17
938,17
939,17
940,17
941,17
942,17
943,17
944,17
945,17
946,17
947,17
948,17
949,17
950,17
951,17
952,17
953,17
954,17
955,17
956,17
957,17
958,17
959,17
960,17
961,17
962,17
963,17
964,17
965,17
966,17
967,16
968,17
969,17
970,17
971,17
972,17
973,17
974,17
975,17
976,17
977,17
978,17
979,16
980,17
981,17
982,17
983,17
984,17
985,17
986,17
987,17
988,17
989,15
990,16
991,17
992,17
993,17
994,17
995,17
996,17
997,17
998,17
999,17
1000,17
1001,17
1002,15
1003,17
1004,17
1005,17
1006,17
1007,17
1008,17
1009,17
1010,17
1011,17
1012,17
1013,17
1014,17
1015,16
1016,17
1017,17
1018,17
1019,17
1020,17
1021,17
1022,16
1023,17
1024,17
1025,16
1026,17
1027,17
1028,16
1029,17
1030,17
1031,17
1032,17
1033,17
1034,17
1035,17
1036,17
1037,17
1038,17
1039,17
1040,17
1041,16
1042,17
1043,17
1044,17
1045,17
1046,15
1047,17
1048,17
1049,17
1050,17
1051,17
1052,17
1053,17
1054,17
1055,17
1056,17
1057,17
1058,17
1059,15
1060,17
1061,17
1062,17
1063,17
1064,17
1065,17
1066,17
1067,17
1068,17
1069,17
1070,17
1071,17
1072,17
1073,17
1074,17
1075,17
1076,17
1077,17
1078,17
1079,17
1080,17
1081,17
1082,15
1083,17
1084,16
1085,17
1086,17
1087,17
1088,17
1089,16
1090,17
1091,16
1092,17
1093,17
1094,15
1095,17
1096,17
1097,17
1098,17
1099,17
1100,17
1101,17
1102,17
1103,17
1104,17
1105,17
1106,17
1107,17
1108,17
1109,17
1110,17
1111,17
1112,17
1113,15
1114,17
1115,17
1116,17
1117,16
1118,17
1119,17
1120,17
1121,17
1122,17
1123,17
1124,16
1125,17
1126,17
1127,17
1128,17
1129,15
1130,17
1131,17
1132,17
1133,17
1134,17
1135,15
1136,17
1137,17
1138,17
1139,15
1140,17
1141,16
1142,17
1143,17
1144,15
1145,17
1146,17
1147,17
1148,17
1149,17
1150,17
1151,17
1152,17
1153,17
1154,16
1155,15
1156,17
1157,17
1158,17
1159,17
1160,17
1161,15
1162,15
1163,17
1164,17
1165,16
1166,17
1167,17
1168,17
1169,17
1170,17
1171,17
1172,17
1173,15
1174,17
1175,17
1176,15
1177,17
1178,17
1179,17
1180,17
1181,17
1182,17
1183,17
1184,17
1185,17
1186,17
1187,17
1188,17
1189,17
1190,17
1191,15
1192,16
1193,15
1194,15
1195,16
1196,16
1197,17
1198,15
1199,14
1200,16
1201,17
1202,16
1203,17
1204,16
1205,16
1206,17
1207,17
1208,17
1209,16
1210,17
1211,17
1212,15
1213,17
1214,17
1215,17
1216,17
1217,15
1218,14
1219,16
1220,17
1221,17
1222,15
1223,15
1224,16
1225,17
1226,17
1227,15
1228,15
1229,17
1230,15
1231,16
1232,16
1233,15
1234,15
1235,15
1236,17
1237,16
1238,17
1239,17
1240,16
1241,17
1242,17
1243,15
1244,17
1245,0
1246,14
1247,15
1248,17
1249,16
1250,15
1251,15
1252,17
1253,15
1254,16
1255,15
1256,16
1257,17
1258,15
1259,14
1260,15
1261,17
1262,17
1263,17
1264,15
1265,16
1266,16
1267,15
1268,17
1269,17
1270,17
1271,17
1272,16
1273,15
1274,15
1275,16
1276,15
1277,16
1278,15
1279,15
1280,16
1281,15
1282,16
1283,16
1284,15
1285,16
1286,15
1287,14
1288,15
1289,15
1290,15
1291,16
1292,15
1293,16
1294,15
1295,16
1296,16
1297,14
1298,16
1299,15
1300,16
1301,15
1302,16
1303,16
1304,16
1305,15
1306,16
1307,16
1308,16
1309,15
1310,14
1311,15
1312,16
1313,15
1314,16
1315,16
1316,15
1317,0
1318,15
1319,14
1320,16
1321,15
1322,15
1323,15
1324,16
1325,15
1326,15
1327,16
1328,15
1329,16
1330,16
1331,15
1332,15
1333,15
1334,15
1335,15
1336,15
1337,6
1338,15
1339,15
1340,16
1341,15
1342,15
1343,15
1344,15
1345,15
1346,15
1347,15
1348,15
1349,15
1350,15
1351,15
1352,15
1353,15
1354,15
1355,15
1356,15
1357,15
1358,15
1359,15
1360,15
1361,14
1362,15
1363,15
1364,15
1365,15
1366,15
1367,15
1368,15
1369,15
1370,15
1371,15
1372,15
1373,15
1374,15
1375,15
1376,14
1377,15
1378,15
1379,15
1380,14
1381,15
1382,9
1383,11
1384,15
1385,14
1386,15
1387,15
1388,14
1389,15
1390,14
1391,15
1392,15
1393,10
1394,8
1395,15
1396,15
1397,14
1398,15
1399,14
1400,14
1401,15
1402,14
1403,15
1404,15
1405,15
1406,15
1407,15
1408,15
1409,12
1410,15
1411,15
1412,6
1413,15
1414,6
1415,10
1416,15
1417,6
1418,15
1419,14
1420,15
1421,15
1422,15
1423,15
1424,14
1425,15
1426,14
1427,15
1428,15
1429,15
1430,9
1431,14
1432,15
1433,13
1434,11
1435,15
1436,15
1437,15
1438,11
1439,15
1440,15
1441,15
1442,15
1443,15
1444,15
1445,15
1446,15
1447,15
1448,15
1449,15
1450,15
1451,15
1452,15
1453,14
1454,11
1455,15
1456,15
1457,15
1458,6
1459,14
1460,15
1461,15
1462,15
1463,15
1464,15
1465,15
1466,6
1467,15
1468,15
1469,15
1470,15
1471,15
1472,15
1473,10
1474,15
1475,15
1476,10
1477,7
1478,14
1479,15
1480,15
1481,15
1482,15
1483,15
1484,15
1485,6
1486,15
1487,6
1488,15
1489,15
1490,15
1491,15
1492,15
1493,15
1494,11
1495,15
1496,15
1497,15
1498,15
1499,15
1500,15
1501,15
1502,15
1503,15
1504,6
1505,15
1506,15
1507,15
1508,15
1509,14
1510,15
1511,14
1512,14
1513,15
1514,15
1515,15
1516,14
1517,14
1518,15
1519,8
1520,14
1521,15
1522,7
1523,15
1524,15
1525,15
1526,15
1527,6
1528,15
1529,14
1530,15
1531,12
1532,15
1533,9
1534,8
1535,14
1536,14
1537,6
1538,15
1539,14
1540,9
1541,7
1542,15
1543,15
1544,15
1545,15
1546,15
1547,14
1548,14
1549,14
1550,6
1551,15
1552,15
1553,15
1554,15
1555,15
1556,6
1557,6
1558,15
1559,10
1560,15
1561,7
1562,14
1563,15
1564,6
1565,15
1566,10
1567,15
1568,15
1569,14
1570,14
1571,14
1572,14
1573,7
1574,15
1575,14
1576,15
1577,15
1578,15
1579,14
1580,15
1581,14
1582,14
1583,14
1584,15
1585,14
1586,8
1587,14
1588,15
1589,6
1590,14
1591,11
1592,15
1593,15
1594,15
1595,15
1596,15
1597,15
1598,14
1599,15
1600,6
1601,6
1602,8
1603,7
1604,14
1605,6
1606,15
1607,14
1608,15
1609,14
1610,7
1611,15
1612,15
1613,15
1614,15
1615,15
1616,14
1617,15
1618,14
1619,15
1620,9
1621,15
1622,15
1623,15
1624,14
1625,8
1626,13
1627,14
1628,14
1629,14
1630,15
1631,14
1632,15
1633,14
1634,15
1635,15
1636,11
1637,8
1638,15
1639,15
1640,15
1641,11
1642,14
1643,15
1644,9
1645,14
1646,15
1647,6
1648,15
1649,6
1650,10
1651,8
1652,15
1653,6
1654,14
1655,14
1656,10
1657,14
1658,8
1659,14
1660,15
1661,14
1662,15
1663,14
1664,15
1665,10
1666,14
1667,15
1668,14
1669,8
1670,5
1671,14
1672,15
1673,10
1674,14
1675,0
1676,4
1677,15
1678,15
1679,14
1680,15
1681,15
1682,14
1683,15
1684,14
1685,11
1686,15
1687,14
1688,6
1689,14
1690,14
1691,15
1692,9
1693,15
1694,10
1695,15
1696,15
1697,15
1698,15
1699,6
1700,6
1701,10
1702,11
1703,6
1704,7
1705,15
1706,4
1707,15
1708,14
1709,8
1710,15
1711,11
1712,15
1713,6
1714,13
1715,14
1716,14
1717,6
1718,14
1719,15
1720,14
1721,8
1722,15
1723,7
1724,6
1725,14
1726,11
1727,14
1728,13
1729,6
1730,14
1731,14
1732,6
1733,6
1734,4
1735,6
1736,14
1737,13
1738,14
1739,6
1740,5
1741,10
1742,9
1743,14
1744,15
1745,15
1746,6
1747,14
1748,8
1749,1
1750,3
1751,14
1752,6
1753,14
1754,14
1755,14
1756,14
1757,14
1758,14
1759,14
1760,14
1761,14
1762,14
1763,14
1764,10
1765,10
1766,11
1767,10
1768,14
1769,14
1770,14
1771,14
1772,9
1773,14
1774,14
1775,14
1776,9
1777,14
1778,14
1779,14
1780,14
1781,14
1782,6
1783,14
1784,5
1785,14
1786,4
1787,0
1788,14
1789,14
1790,14
1791,13
1792,6
1793,14
1794,6
1795,14
1796,14
1797,14
1798,14
1799,6
1800,9
1801,14
1802,14
1803,14
1804,14
1805,6
1806,6
1807,14
1808,14
1809,14
1810,14
1811,6
1812,11
1813,7
1814,6
1815,8
1816,8
1817,10
1818,3
1819,11
1820,8
1821,7
1822,14
1823,14
1824,11
1825,14
1826,14
1827,6
1828,14
1829,14
1830,14
1831,10
1832,6
1833,11
1834,11
1835,14
1836,4
1837,14
1838,14
1839,6
1840,14
1841,14
1842,5
1843,8
1844,6
1845,14
1846,11
1847,11
1848,9
1849,14
1850,1
1851,14
1852,14
1853,14
1854,5
1855,7
1856,12
1857,6
1858,14
1859,7
1860,14
1861,10
1862,9
1863,14
1864,6
1865,10
1866,6
1867,6
1868,5
1869,14
1870,5
1871,14
1872,6
1873,14
1874,14
1875,14
1876,14
1877,11
1878,14
1879,14
1880,7
1881,6
1882,6
1883,7
1884,5
1885,5
1886,14
1887,14
1888,6
1889,1
1890,2
1891,7
1892,14
1893,14
1894,10
1895,10
1896,4
1897,14
1898,14
1899,14
1900,11
1901,6
1902,14
1903,6
1904,7
1905,14
1906,10
1907,4
1908,10
1909,11
1910,1
1911,14
1912,9
1913,10
1914,14
1915,8
1916,6
1917,7
1918,10
1919,13
1920,1
1921,13
1922,5
1923,0
1924,10
1925,14
1926,9
1927,14
1928,9
1929,7
1930,5
1931,10
1932,5
1933,11
1934,3
1935,10
1936,10
1937,13
1938,14
1939,11
1940,6
1941,6
1942,11
1943,1
1944,11
1945,1
1946,6
1947,5
1948,4
1949,11
1950,6
1951,14
1952,9
1953,12
1954,6
1955,8
1956,7
1957,9
1958,4
1959,14
1960,12
1961,9
1962,13
1963,13
1964,14
1965,12
1966,14
1967,11
1968,3
1969,7
1970,14
1971,7
1972,7
1973,8
1974,5
1975,10
1976,8
1977,12
1978,14
1979,14
1980,9
1981,6
1982,10
1983,14
1984,6
1985,9
1986,10
1987,8
1988,14
1989,6
1990,11
1991,14
1992,6
1993,10
1994,0
1995,12
1996,7
1997,13
1998,10
1999,0
2000,14
2001,0
2002,6
2003,7
2004,9
2005,12
2006,10
2007,4
2008,13
2009,10
2010,11
2011,9
2012,14
2013,6
2014,6
2015,6
2016,10
2017,7
2018,0
2019,14
2020,3
2021,14
2022,10
2023,7
2024,1
2025,12
2026,6
2027,14
2028,12
2029,14
2030,10
2031,10
2032,4
2033,10
2034,9
2035,6
2036,10
2037,7
2038,1
2039,6
2040,10
2041,11
2042,11
2043,8
2044,14
2045,14
2046,3
2047,5
2048,6
2049,7
2050,4
2051,10
2052,4
2053,4
2054,11
2055,6
2056,0
2057,14
2058,14
2059,14
2060,14
2061,13
2062,11
2063,14
2064,10
2065,6
2066,1
2067,10
2068,7
2069,4
2070,6
2071,11
2072,14
2073,14
2074,8
2075,3
2076,14
2077,8
2078,9
2079,7
2080,6
2081,12
2082,11
2083,14
2084,3
2085,14
2086,4
2087,7
2088,6
2089,6
2090,9
2091,6
2092,7
2093,0
2094,6
2095,14
2096,1
2097,10
2098,6
2099,11
2100,12
2101,14
2102,6
2103,11
2104,14
2105,12
2106,14
2107,14
2108,14
2109,14
2110,14
2111,12
2112,4
2113,10
2114,4
2115,6
2116,5
2117,13
2118,12
2119,6
2120,8
2121,12
2122,14
2123,14
2124,9
2125,6
2126,12
2127,6
2128,14
2129,14
2130,10
2131,10
2132,12
2133,6
2134,6
2135,14
2136,10
2137,12
2138,14
2139,12
2140,9
2141,13
2142,10
2143,7
2144,12
2145,7
2146,0
2147,10
2148,6
2149,10
2150,13
2151,9
2152,6
2153,8
2154,10
2155,10
2156,8
2157,9
2158,5
2159,9
2160,11
2161,10
2162,9
2163,6
2164,7
2165,6
2166,8
2167,6
2168,10
2169,11
2170,9
2171,10
2172,4
2173,13
2174,11
2175,10
2176,2
2177,6
2178,4
2179,6
2180,10
2181,5
2182,14
2183,12
2184,9
2185,12
2186,10
2187,9
2188,6
2189,10
2190,11
2191,13
2192,10
2193,2
2194,6
2195,6
2196,10
2197,13
2198,8
2199,7
2200,6
2201,1
2202,13
2203,8
2204,9
2205,6
2206,14
2207,8
2208,14
2209,10
2210,14
2211,13
2212,9
2213,11
2214,6
2215,8
2216,9
2217,1
2218,6
2219,11
2220,9
2221,2
2222,4
2223,2
2224,6
2225,6
2226,1
2227,11
2228,7
2229,6
2230,11
2231,4
2232,10
2233,13
2234,13
2235,8
2236,9
2237,1
2238,10
2239,10
2240,9
2241,0
2242,10
2243,4
2244,1
2245,11
2246,6
2247,11
2248,5
2249,10
2250,11
2251,10
2252,0
2253,1
2254,6
2255,6
2256,10
2257,9
2258,10
2259,9
2260,7
2261,1
2262,11
2263,10
2264,9
2265,6
2266,11
2267,5
2268,13
2269,6
2270,10
2271,8
2272,7
2273,9
2274,10
2275,5
2276,10
2277,13
2278,0
2279,5
2280,10
2281,7
2282,13
2283,10
2284,11
2285,5
2286,1
2287,6
2288,6
2289,11
2290,1
2291,6
2292,1
2293,1
2294,9
2295,7
2296,11
2297,10
2298,9
2299,6
2300,0
2301,10
2302,10
2303,10
2304,5
2305,8
2306,9
2307,11
2308,10
2309,4
2310,11
2311,6
2312,4
2313,1
2314,6
2315,6
2316,10
2317,6
2318,8
2319,6
2320,10
2321,10
2322,4
2323,10
2324,4
2325,10
2326,8
2327,6
2328,10
2329,5
2330,6
2331,10
2332,6
2333,4
2334,11
2335,10
2336,4
2337,0
2338,0
2339,10
2340,10
2341,9
2342,10
2343,5
2344,6
2345,6
2346,11
2347,0
2348,6
2349,9
2350,0
2351,7
2352,3
2353,6
2354,4
2355,10
2356,2
2357,13
2358,1
2359,4
2360,5
2361,6
2362,4
2363,10
2364,8
2365,10
2366,6
2367,11
2368,8
2369,10
2370,11
2371,10
2372,10
2373,6
2374,4
2375,6
2376,1
2377,0
2378,10
2379,10
2380,9
2381,0
2382,10
2383,6
2384,3
2385,4
2386,10
2387,10
2388,7
2389,11
2390,11
2391,6
2392,0
2393,10
2394,6
2395,11
2396,4
2397,9
2398,10
2399,0
2400,9
2401,12
2402,13
2403,8
2404,13
2405,11
2406,13
2407,1
2408,13
2409,9
2410,11
2411,1
2412,8
2413,11
2414,7
2415,13
2416,8
2417,11
2418,6
2419,11
2420,4
2421,8
2422,9
2423,6
2424,1
2425,5
2426,10
2427,8
2428,1
2429,6
2430,5
2431,11
2432,11
2433,9
2434,10
2435,10
2436,10
2437,11
2438,10
2439,10
2440,9
2441,11
2442,9
2443,6
2444,6
2445,10
2446,10
2447,6
2448,6
2449,6
2450,6
2451,1
2452,4
2453,2
2454,8
2455,11
2456,6
2457,11
2458,11
2459,4
2460,5
2461,7
2462,9
2463,6
2464,4
2465,0
2466,10
2467,11
2468,11
2469,10
2470,11
2471,0
2472,6
2473,10
2474,0
2475,8
2476,8
2477,6
2478,10
2479,11
2480,6
2481,9
2482,10
2483,10
2484,10
2485,1
2486,0
2487,10
2488,11
2489,11
2490,2
2491,10
2492,4
2493,7
2494,1
2495,8
2496,11
2497,8
2498,6
2499,8
2500,4
2501,3
2502,8
2503,5
2504,6
2505,7
2506,7
2507,9
2508,10
2509,10
2510,1
2511,10
2512,10
2513,10
2514,10
2515,9
2516,6
2517,6
2518,11
2519,11
2520,10
2521,11
2522,11
2523,2
2524,0
2525,8
2526,11
2527,9
2528,6
2529,4
2530,1
2531,8
2532,0
2533,9
2534,10
2535,11
2536,8
2537,11
2538,7
2539,11
2540,8
2541,11
2542,11
2543,8
2544,1
2545,8
2546,0
2547,5
2548,0
2549,4
2550,6
2551,7
2552,5
2553,9
2554,7
2555,6
2556,11
2557,11
2558,10
2559,4
2560,10
2561,6
2562,5
2563,7
2564,10
2565,11
2566,11
2567,10
2568,11
2569,0
2570,6
2571,8
2572,8
2573,11
2574,9
2575,0
2576,6
2577,1
2578,7
2579,7
2580,10
2581,3
2582,6
2583,10
2584,10
2585,6
2586,11
2587,9
2588,6
2589,10
2590,7
2591,6
2592,8
2593,0
2594,6
2595,7
2596,7
2597,1
2598,10
2599,5
2600,6
2601,10
2602,6
2603,11
2604,11
2605,10
2606,1
2607,5
2608,10
2609,11
2610,11
2611,9
2612,0
2613,11
2614,0
2615,7
2616,11
2617,5
2618,11
2619,9
2620,11
2621,0
2622,4
2623,10
2624,8
2625,8
2626,6
2627,1
2628,10
2629,1
2630,7
2631,8
2632,10
2633,11
2634,0
2635,0
2636,8
2637,8
2638,6
2639,1
2640,9
2641,9
2642,6
2643,6
2644,8
2645,11
2646,0
2647,11
2648,6
2649,11
2650,6
2651,9
2652,6
2653,5
2654,1
2655,11
2656,9
2657,7
2658,7
2659,7
2660,6
2661,6
2662,6
2663,1
2664,8
2665,11
2666,1
2667,9
2668,11
2669,6
2670,0
2671,8
2672,6
2673,6
2674,10
2675,10
2676,6
2677,9
2678,7
2679,0
2680,8
2681,1
2682,11
2683,1
2684,8
2685,11
2686,8
2687,6
2688,10
2689,8
2690,0
2691,11
2692,10
2693,1
2694,11
2695,2
2696,11
2697,6
2698,4
2699,1
2700,10
2701,10
2702,7
2703,11
2704,8
2705,8
2706,8
2707,9
2708,9
2709,4
2710,7
2711,10
2712,0
2713,8
2714,10
2715,3
2716,7
2717,10
2718,7
2719,0
2720,6
2721,1
2722,6
2723,5
2724,9
2725,10
2726,6
2727,10
2728,0
2729,6
2730,9
2731,10
2732,5
2733,0
2734,11
2735,4
2736,8
2737,8
2738,11
2739,8
2740,6
2741,10
2742,11
2743,0
2744,9
2745,10
2746,9
2747,10
2748,7
2749,11
2750,0
2751,2
2752,11
2753,11
2754,10
2755,9
2756,9
2757,6
2758,6
2759,10
2760,11
2761,0
2762,11
2763,10
2764,6
2765,10
2766,8
2767,0
2768,9
2769,11
2770,0
2771,11
2772,11
2773,3
2774,9
2775,10
2776,6
2777,9
2778,9
2779,4
2780,11
2781,6
2782,11
2783,9
2784,6
2785,6
2786,9
2787,7
2788,6
2789,4
2790,2
2791,6
2792,6
2793,6
2794,1
2795,9
2796,0
2797,0
2798,1
2799,6
2800,11
2801,10
2802,6
2803,4
2804,1
2805,5
2806,11
2807,7
2808,1
2809,10
2810,10
2811,10
2812,10
2813,10
2814,11
2815,10
2816,10
2817,10
2818,6
2819,0
2820,9
2821,0
2822,0
2823,7
2824,11
2825,8
2826,4
2827,11
2828,1
2829,2
2830,10
2831,5
2832,10
2833,9
2834,10
2835,5
2836,9
2837,9
2838,6
2839,6
2840,9
2841,9
2842,9
2843,8
2844,8
2845,11
2846,9
2847,0
2848,6
2849,8
2850,6
2851,10
2852,0
2853,6
2854,8
2855,11
2856,10
2857,11
2858,9
2859,0
2860,4
2861,1
2862,3
2863,11
2864,9
2865,10
2866,1
2867,9
2868,0
2869,9
2870,0
2871,2
2872,9
2873,1
2874,8
2875,5
2876,8
2877,10
2878,8
2879,1
2880,6
2881,0
2882,10
2883,1
2884,6
2885,1
2886,0
2887,1
2888,5
2889,6
2890,5
2891,6
2892,1
2893,9
2894,10
2895,10
2896,11
2897,7
2898,1
2899,10
2900,4
2901,1
2902,11
2903,0
2904,1
2905,10
2906,1
2907,3
2908,9
2909,8
2910,10
2911,6
2912,11
2913,10
2914,6
2915,10
2916,6
2917,10
2918,6
2919,11
2920,10
2921,7
2922,4
2923,6
2924,10
2925,10
2926,9
2927,4
2928,11
2929,10
2930,8
2931,6
2932,8
2933,10
2934,10
2935,8
2936,6
2937,10
2938,0
2939,5
2940,8
2941,7
2942,0
2943,6
2944,7
2945,10
2946,7
2947,10
2948,1
2949,1
2950,8
2951,10
2952,4
2953,7
2954,10
2955,11
2956,10
2957,10
2958,0
2959,10
2960,11
2961,7
2962,4
2963,11
2964,7
2965,8
2966,4
2967,10
2968,8
2969,10
2970,10
2971,10
2972,10
2973,6
2974,0
2975,6
2976,10
2977,10
2978,10
2979,11
2980,9
2981,6
2982,6
2983,10
2984,6
2985,10
2986,1
2987,10
2988,7
2989,6
2990,10
2991,7
2992,7
2993,11
2994,10
2995,6
2996,6
2997,0
2998,10
2999,10
3000,11
3001,9
3002,6
3003,1
3004,6
3005,11
3006,6
3007,6
3008,10
3009,0
3010,4
3011,7
3012,10
3013,10
3014,0
3015,10
3016,6
3017,5
3018,6
3019,11
3020,8
3021,10
3022,11
3023,1
3024,6
3025,11
3026,1
3027,0
3028,10
3029,9
3030,11
3031,10
3032,4
3033,3
3034,5
3035,6
3036,11
3037,5
3038,4
3039,6
3040,1
3041,7
3042,3
3043,1
3044,13
3045,2
3046,1
3047,10
3048,10
3049,10
3050,9
3051,9
3052,6
3053,9
3054,13
3055,9
3056,2
3057,11
3058,4
3059,0
3060,0
3061,5
3062,10
3063,6
3064,10
3065,9
3066,4
3067,4
3068,10
3069,10
3070,6
3071,9
3072,10
3073,10
3074,6
3075,10
3076,6
3077,1
3078,0
3079,6
3080,4
3081,2
3082,8
3083,10
3084,10
3085,10
3086,4
3087,7
3088,5
3089,13
3090,10
3091,10
3092,5
3093,6
3094,10
3095,1
3096,1
3097,8
3098,3
3099,10
3100,3
3101,10
3102,4
3103,13
3104,6
3105,1
3106,9
3107,11
3108,10
3109,5
3110,11
3111,10
3112,6
3113,6
3114,9
3115,4
3116,13
3117,0
3118,10
3119,11
3120,2
3121,11
3122,10
3123,9
3124,6
3125,10
3126,6
3127,7
3128,9
3129,7
3130,10
3131,10
3132,10
3133,10
3134,8
3135,5
3136,7
3137,4
3138,1
3139,6
3140,7
3141,9
3142,4
3143,13
3144,10
3145,13
3146,7
3147,7
3148,10
3149,0
3150,10
3151,12
3152,5
3153,10
3154,10
3155,10
3156,0
3157,10
3158,10
3159,9
3160,6
3161,10
3162,11
3163,7
3164,11
3165,10
3166,8
3167,14
3168,13
3169,7
3170,8
3171,7
3172,6
3173,9
3174,4
3175,9
3176,0
3177,9
3178,6
3179,0
3180,13
3181,10
3182,13
3183,13
3184,9
3185,6
3186,10
3187,8
3188,6
3189,10
3190,7
3191,0
3192,0
3193,6
3194,9
3195,10
3196,6
3197,1
3198,10
3199,13
3200,5
3201,10
3202,6
3203,13
3204,5
3205,5
3206,8
3207,0
3208,7
3209,8
3210,7
3211,9
3212,10
3213,0
3214,10
3215,6
3216,8
3217,9
3218,11
3219,6
3220,0
3221,6
3222,5
3223,6
3224,9
3225,5
3226,10
3227,10
3228,0
3229,8
3230,6
3231,10
3232,1
3233,1
3234,11
3235,0
3236,0
3237,13
3238,10
3239,10
3240,10
3241,9
3242,9
3243,8
3244,0
3245,10
3246,7
3247,0
3248,14
3249,12
3250,11
3251,13
3252,9
3253,13
3254,9
3255,7
3256,5
3257,1
3258,5
3259,5
3260,0
3261,13
3262,11
3263,13
3264,12
3265,13
3266,3
3267,12
3268,12
3269,0
3270,8
3271,8
3272,9
3273,1
3274,10
3275,11
3276,1
3277,10
3278,13
3279,10
3280,6
3281,6
3282,6
3283,8
3284,5
3285,1
3286,10
3287,10
3288,12
3289,12
3290,11
3291,10
3292,6
3293,10
3294,10
3295,4
3296,7
3297,9
3298,13
3299,10
3300,6
3301,7
3302,10
3303,13
3304,4
3305,5
3306,11
3307,9
3308,10
3309,0
3310,1
3311,7
3312,0
3313,14
3314,14
3315,5
3316,14
3317,10
3318,13
3319,6
3320,12
3321,6
3322,10
3323,4
3324,13
3325,11
3326,5
3327,2
3328,11
3329,6
3330,13
3331,10
3332,9
3333,3
3334,11
3335,7
3336,9
3337,1
3338,6
3339,9
3340,13
3341,1
3342,10
3343,6
3344,6
3345,10
3346,1
3347,13
3348,5
3349,10
3350,4
3351,11
3352,13
3353,13
3354,9
3355,1
3356,4
3357,6
3358,1
3359,9
3360,11
3361,13
3362,9
3363,0
3364,0
3365,8
3366,10
3367,10
3368,10
3369,4
3370,10
3371,6
3372,10
3373,3
3374,0
3375,9
3376,6
3377,11
3378,9
3379,13
3380,1
3381,13
3382,7
3383,4
3384,11
3385,6
3386,12
3387,13
3388,13
3389,13
3390,1
3391,13
3392,11
3393,7
3394,6
3395,10
3396,5
3397,11
3398,4
3399,14
3400,13
3401,13
3402,12
3403,1
3404,13
3405,1
3406,6
3407,4
3408,1
3409,1
3410,11
3411,3
3412,6
3413,11
3414,10
3415,1
3416,13
3417,5
3418,13
3419,9
3420,10
3421,8
3422,10
3423,11
3424,13
3425,13
3426,14
3427,10
3428,5
3429,4
3430,10
3431,6
3432,10
3433,0
3434,13
3435,10
3436,13
3437,10
3438,8
3439,8
3440,12
3441,0
3442,11
3443,12
3444,13
3445,10
3446,9
3447,13
3448,1
3449,10
3450,10
3451,1
3452,2
3453,11
3454,10
3455,10
3456,10
3457,6
3458,10
3459,2
3460,6
3461,10
3462,6
3463,0
3464,10
3465,3
3466,0
3467,6
3468,7
3469,1
3470,4
3471,5
3472,10
3473,10
3474,13
3475,0
3476,12
3477,13
3478,6
3479,1
3480,1
3481,13
3482,12
3483,13
3484,3
3485,9
3486,9
3487,6
3488,6
3489,1
3490,12
3491,6
3492,10
3493,13
3494,10
3495,5
3496,3
3497,6
3498,12
3499,8
3500,6
3501,11
3502,10
3503,5
3504,10
3505,2
3506,13
3507,3
3508,14
3509,11
3510,10
3511,10
3512,13
3513,10
3514,4
3515,1
3516,6
3517,13
3518,13
3519,6
3520,14
3521,1
3522,8
3523,13
3524,0
3525,14
3526,0
3527,12
3528,6
3529,6
3530,9
3531,7
3532,13
3533,14
3534,13
3535,6
3536,6
3537,4
3538,10
3539,4
3540,12
3541,10
3542,6
3543,13
3544,1
3545,13
3546,14
3547,6
3548,10
3549,0
3550,0
3551,1
3552,0
3553,4
3554,9
3555,7
3556,13
3557,0
3558,1
3559,14
3560,4
3561,12
3562,14
3563,6
3564,7
3565,8
3566,5
3567,14
3568,0
3569,8
3570,6
3571,1
3572,6
3573,7
3574,6
3575,9
3576,11
3577,4
3578,12
3579,7
3580,11
3581,9
3582,12
3583,11
3584,12
3585,12
3586,9
3587,4
3588,10
3589,11
3590,8
3591,12
3592,12
3593,6
3594,1
3595,6
3596,9
3597,13
3598,14
3599,7
3600,12
3601,11
3602,11
3603,14
3604,12
3605,8
3606,10
3607,5
3608,11
3609,10
3610,10
3611,12
3612,9
3613,7
3614,9
3615,3
3616,5
3617,7
3618,14
3619,6
3620,12
3621,10
3622,12
3623,12
3624,14
3625,14
3626,5
3627,9
3628,10
3629,10
3630,12
3631,10
3632,14
3633,14
3634,4
3635,6
3636,9
3637,6
3638,10
3639,14
3640,13
3641,13
3642,10
3643,14
3644,14
3645,13
3646,12
3647,12
3648,13
3649,12
3650,13
3651,12
3652,12
3653,13
3654,3
3655,14
3656,13
3657,12
3658,4
3659,14
3660,1
3661,10
3662,13
3663,13
3664,13
3665,13
3666,13
3667,13
3668,10
3669,13
3670,4
3671,8
3672,6
3673,4
3674,11
3675,9
3676,0
3677,6
3678,10
3679,9
3680,8
3681,9
3682,6
3683,10
3684,8
3685,10
3686,10
3687,6
3688,10
3689,13
3690,7
3691,10
3692,10
3693,4
3694,9
3695,9
3696,10
3697,11
3698,6
3699,0
3700,1
3701,13
3702,14
3703,5
3704,12
3705,0
3706,9
3707,10
3708,9
3709,8
3710,6
3711,13
3712,10
3713,6
3714,6
3715,7
3716,4
3717,6
3718,10
3719,1
3720,8
3721,9
3722,9
3723,12
3724,11
3725,13
3726,0
3727,9
3728,4
3729,13
3730,10
3731,11
3732,5
3733,1
3734,5
3735,8
3736,12
3737,8
3738,4
3739,13
3740,6
3741,9
3742,0
3743,9
3744,11
3745,12
3746,13
3747,7
3748,11
3749,11
3750,11
3751,13
3752,11
3753,13
3754,10
3755,11
3756,9
3757,7
3758,11
3759,9
3760,9
3761,13
3762,10
3763,9
3764,11
3765,9
3766,10
3767,0
3768,8
3769,6
3770,10
3771,3
3772,5
3773,13
3774,10
3775,9
3776,1
3777,11
3778,11
3779,6
3780,13
3781,2
3782,14
3783,13
3784,10
3785,13
3786,6
3787,13
3788,6
3789,9
3790,2
3791,5
3792,10
3793,10
3794,9
3795,9
3796,1
3797,1
3798,2
3799,14
3800,12
3801,0
3802,11
3803,14
3804,8
3805,6
3806,11
3807,13
3808,6
3809,13
3810,7
3811,13
3812,12
3813,1
3814,12
3815,0
3816,14
3817,10
3818,1
3819,1
3820,1
3821,10
3822,0
3823,1
3824,10
3825,14
3826,11
3827,13
3828,13
3829,9
3830,12
3831,1
3832,13
3833,4
3834,14
3835,12
3836,10
3837,13
3838,5
3839,12
3840,8
3841,6
3842,14
3843,1
3844,0
3845,13
3846,11
3847,13
3848,8
3849,0
3850,6
3851,11
3852,11
3853,13
3854,13
3855,9
3856,0
3857,13
3858,7
3859,7
3860,9
3861,14
3862,11
3863,1
3864,14
3865,3
3866,0
3867,0
3868,6
3869,13
3870,14
3871,10
3872,12
3873,14
3874,8
3875,12
3876,14
3877,11
3878,13
3879,10
3880,10
3881,4
3882,9
3883,5
3884,10
3885,5
3886,2
3887,5
3888,14
3889,14
3890,2
3891,14
3892,14
3893,1
3894,6
3895,14
3896,10
3897,6
3898,14
3899,12
3900,5
3901,14
3902,14
3903,1
3904,4
3905,11
3906,11
3907,10
3908,9
3909,12
3910,7
3911,14
3912,5
3913,0
3914,13
3915,14
3916,8
3917,14
3918,6
3919,0
3920,3
3921,0
3922,6
3923,14
3924,10
3925,10
3926,2
3927,11
3928,10
3929,0
3930,3
3931,6
3932,12
3933,3
3934,3
3935,9
3936,14
3937,2
3938,14
3939,12
3940,13
3941,14
3942,11
3943,3
3944,12
3945,7
3946,5
3947,14
3948,5
3949,14
3950,14
3951,6
3952,14
3953,8
3954,12
3955,14
3956,7
3957,14
3958,14
3959,6
3960,9
3961,14
3962,5
3963,0
3964,14
3965,14
3966,5
3967,1
3968,11
3969,14
3970,14
3971,10
3972,13
3973,14
3974,11
3975,9
3976,7
3977,9
3978,14
3979,4
3980,11
3981,0
3982,4
3983,14
3984,12
3985,1
3986,5
3987,10
3988,1
3989,6
3990,14
3991,5
3992,8
3993,11
3994,9
3995,1
3996,14
3997,0
3998,4
3999,10
4000,6
4001,10
4002,0
4003,4
4004,4
4005,0
4006,14
4007,10
4008,4
4009,9
4010,5
4011,14
4012,1
4013,14
4014,10
4015,14
4016,5
4017,6
4018,14
4019,10
4020,10
4021,0
4022,11
4023,14
4024,14
4025,14
4026,9
4027,14
4028,10
4029,14
4030,14
4031,11
4032,7
4033,0
4034,14
4035,11
4036,4
4037,9
4038,11
4039,14
4040,11
4041,1
4042,14
4043,1
4044,10
4045,14
4046,14
4047,14
4048,14
4049,14
4050,14
4051,4
4052,10
4053,14
4054,14
4055,14
4056,11
4057,5
4058,5
4059,6
4060,0
4061,9
4062,7
4063,11
4064,14
4065,14
4066,14
4067,11
4068,7
4069,12
4070,5
4071,12
4072,8
4073,1
4074,11
4075,10
4076,5
4077,14
4078,3
4079,14
4080,11
4081,4
4082,6
4083,10
4084,10
4085,14
4086,14
4087,11
4088,14
4089,14
4090,14
4091,10
4092,14
4093,1
4094,13
4095,4
4096,6
4097,11
4098,6
4099,14
4100,14
4101,14
4102,6
4103,0
4104,10
4105,13
4106,6
4107,1
4108,12
4109,1
4110,12
4111,1
4112,4
4113,7
4114,7
4115,14
4116,11
4117,13
4118,11
4119,14
4120,9
4121,5
4122,0
4123,10
4124,0
4125,14
4126,10
4127,14
4128,14
4129,10
4130,9
4131,10
4132,11
4133,10
4134,11
4135,14
4136,6
4137,5
4138,14
4139,5
4140,1
4141,10
4142,14
4143,5
4144,7
4145,10
4146,1
4147,14
4148,10
4149,14
4150,11
4151,9
4152,5
4153,10
4154,4
4155,11
4156,11
4157,14
4158,5
4159,0
4160,0
4161,14
4162,14
4163,14
4164,1
4165,9
4166,11
4167,1
4168,14
4169,14
4170,5
4171,11
4172,7
4173,6
4174,5
4175,14
4176,4
4177,14
4178,14
4179,3
4180,1
4181,14
4182,14
4183,5
4184,14
4185,11
4186,14
4187,5
4188,14
4189,0
4190,14
4191,1
4192,13
4193,0
4194,6
4195,12
4196,7
4197,1
4198,4
4199,10
4200,1
4201,14
4202,13
4203,6
4204,4
4205,10
4206,0
4207,5
4208,5
4209,10
4210,9
4211,0
4212,14
4213,4
4214,12
4215,4
4216,0
4217,7
4218,14
4219,10
4220,7
4221,10
4222,0
4223,13
4224,14
4225,14
4226,14
4227,4
4228,0
4229,14
4230,1
4231,10
4232,6
4233,14
4234,6
4235,1
4236,9
4237,8
4238,14
4239,6
4240,14
4241,9
4242,1
4243,14
4244,7
4245,0
4246,1
4247,14
4248,6
4249,10
4250,13
4251,14
4252,5
4253,14
4254,13
4255,4
4256,10
4257,4
4258,14
4259,14
4260,5
4261,14
4262,14
4263,0
4264,9
4265,13
4266,10
4267,14
4268,14
4269,14
4270,9
4271,14
4272,14
4273,14
4274,4
4275,3
4276,4
4277,1
4278,13
4279,4
4280,0
4281,6
4282,4
4283,14
4284,14
4285,0
4286,10
4287,14
4288,6
4289,14
4290,14
4291,13
4292,0
4293,3
4294,14
4295,0
4296,14
4297,4
4298,7
4299,14
4300,4
4301,1
4302,10
4303,1
4304,13
4305,14
4306,7
4307,6
4308,1
4309,14
4310,14
4311,14
4312,5
4313,14
4314,14
4315,14
4316,14
4317,11
4318,14
4319,5
4320,14
4321,14
4322,14
4323,14
4324,5
4325,14
4326,14
4327,10
4328,11
4329,14
4330,4
4331,14
4332,0
4333,13
4334,4
4335,14
4336,13
4337,6
4338,0
4339,9
4340,5
4341,14
4342,14
4343,5
4344,6
4345,14
4346,14
4347,14
4348,10
4349,14
4350,13
4351,14
4352,14
4353,4
4354,10
4355,1
4356,6
4357,14
4358,6
4359,1
4360,4
4361,12
4362,0
4363,10
4364,14
4365,10
4366,13
4367,14
4368,11
4369,6
4370,14
4371,6
4372,14
4373,8
4374,14
4375,14
4376,14
4377,14
4378,1
4379,14
4380,10
4381,4
4382,0
4383,14
4384,14
4385,14
4386,14
4387,14
4388,1
4389,7
4390,1
4391,10
4392,14
4393,10
4394,14
4395,9
4396,14
4397,11
4398,14
4399,5
4400,3
4401,14
4402,4
4403,4
4404,14
4405,4
4406,14
4407,6
4408,6
4409,14
4410,14
4411,10
4412,6
4413,14
4414,10
4415,14
4416,4
4417,1
4418,14
4419,2
4420,4
4421,4
4422,10
4423,1
4424,7
4425,11
4426,14
4427,14
4428,7
4429,14
4430,14
4431,6
4432,1
4433,7
4434,1
4435,14
4436,14
4437,14
4438,0
4439,13
4440,14
4441,1
4442,1
4443,0
4444,4
4445,1
4446,14
4447,7
4448,14
4449,7
4450,14
4451,12
4452,1
4453,14
4454,14
4455,11
4456,7
4457,14
4458,7
4459,5
4460,14
4461,10
4462,12
4463,4
4464,12
4465,7
4466,14
4467,7
4468,14
4469,2
4470,4
4471,14
4472,1
4473,14
4474,14
4475,14
4476,14
4477,12
4478,1
4479,3
4480,14
4481,14
4482,7
4483,14
4484,14
4485,10
4486,14
4487,0
4488,14
4489,13
4490,1
4491,10
4492,1
4493,14
4494,14
4495,14
4496,14
4497,14
4498,14
4499,14
4500,6
4501,13
4502,1
4503,14
4504,14
4505,12
4506,14
4507,13
4508,1
4509,14
4510,5
4511,14
4512,14
4513,3
4514,14
4515,14
4516,3
4517,14
4518,14
4519,13
4520,12
4521,14
4522,14
4523,14
4524,14
4525,14
4526,12
4527,14
4528,14
4529,14
4530,14
4531,14
4532,7
4533,0
4534,10
4535,14
4536,4
4537,14
4538,14
4539,5
4540,9
4541,0
4542,14
4543,14
4544,14
4545,14
4546,14
4547,14
4548,14
4549,14
4550,14
4551,0
4552,10
4553,3
4554,14
4555,14
4556,14
4557,4
4558,14
4559,10
4560,14
4561,14
4562,14
4563,14
4564,14
4565,10
4566,3
4567,5
4568,6
4569,7
4570,14
4571,14
4572,14
4573,14
4574,4
4575,14
4576,14
4577,4
4578,10
4579,14
4580,14
4581,8
4582,14
4583,4
4584,10
4585,4
4586,10
4587,2
4588,14
4589,8
4590,14
4591,14
4592,14
4593,1
4594,14
4595,14
4596,6
4597,13
4598,5
4599,14
4600,14
4601,14
4602,14
4603,8
4604,14
4605,14
4606,0
4607,14
4608,13
4609,14
4610,14
4611,14
4612,14
4613,10
4614,14
4615,14
4616,14
4617,6
4618,14
4619,2
4620,10
4621,14
4622,14
4623,10
4624,14
4625,8
4626,13
4627,14
4628,0
4629,2
4630,14
4631,5
4632,14
4633,1
4634,14
4635,0
4636,1
4637,14
4638,4
4639,6
4640,13
4641,6
4642,14
4643,5
4644,14
4645,14
4646,11
4647,14
4648,14
4649,14
4650,5
4651,14
4652,14
4653,14
4654,2
4655,6
4656,14
4657,14
4658,6
4659,14
4660,14
4661,14
4662,7
4663,10
4664,11
4665,2
4666,0
4667,5
4668,14
4669,1
4670,14
4671,14
4672,14
4673,14
4674,14
4675,6
4676,6
4677,11
4678,14
4679,11
4680,7
4681,14
4682,14
4683,14
4684,7
4685,14
4686,5
4687,10
4688,14
4689,1
4690,14
4691,14
4692,6
4693,1
4694,7
4695,1
4696,14
4697,14
4698,14
4699,14
4700,14
4701,14
4702,14
4703,14
4704,10
4705,5
4706,11
4707,14
4708,14
4709,14
4710,14
4711,9
4712,13
4713,14
4714,10
4715,14
4716,13
4717,14
4718,8
4719,12
4720,1
4721,3
4722,14
4723,1
4724,5
4725,6
4726,0
4727,10
4728,1
4729,14
4730,1
4731,9
4732,0
4733,0
4734,9
4735,5
4736,14
4737,14
4738,4
4739,0
4740,3
4741,1
4742,14
4743,14
4744,14
4745,1
4746,3
4747,14
4748,5
4749,14
4750,14
4751,4
4752,0
4753,14
4754,1
4755,5
4756,14
4757,14
4758,1
4759,14
4760,14
4761,7
4762,14
4763,14
4764,14
4765,14
4766,2
4767,14
4768,10
4769,5
4770,9
4771,7
4772,12
4773,14
4774,14
4775,14
4776,14
4777,14
4778,1
4779,14
4780,14
4781,6
4782,3
4783,0
4784,1
4785,14
4786,14
4787,14
4788,2
4789,13
4790,5
4791,14
4792,1
4793,2
4794,13
4795,14
4796,14
4797,10
4798,3
4799,6
4800,6
4801,10
4802,14
4803,7
4804,14
4805,1
4806,10
4807,14
4808,14
4809,14
4810,1
4811,10
4812,14
4813,1
4814,14
4815,5
4816,14
4817,14
4818,14
4819,14
4820,14
4821,14
4822,1
4823,14
4824,14
4825,1
4826,5
4827,14
4828,9
4829,14
4830,14
4831,14
4832,14
4833,1
4834,14
4835,14
4836,14
4837,14
4838,13
4839,0
4840,12
4841,9
4842,14
4843,14
4844,6
4845,14
4846,0
4847,0
4848,14
4849,14
4850,14
4851,14
4852,7
4853,14
4854,6
4855,14
4856,10
4857,1
4858,14
4859,14
4860,14
4861,14
4862,14
4863,14
4864,5
4865,14
4866,14
4867,4
4868,13
4869,14
4870,14
4871,8
4872,14
4873,14
4874,6
4875,0
4876,6
4877,11
4878,14
4879,14
4880,7
4881,14
4882,14
4883,14
4884,13
4885,11
4886,14
4887,14
4888,14
4889,9
4890,0
4891,5
4892,1
4893,12
4894,6
4895,9
4896,4
4897,14
4898,14
4899,14
4900,4
4901,14
4902,4
4903,5
4904,6
4905,14
4906,14
4907,14
4908,12
4909,14
4910,14
4911,14
4912,14
4913,14
4914,0
4915,8
4916,14
4917,14
4918,14
4919,14
4920,14
4921,4
4922,14
4923,14
4924,14
4925,14
4926,14
4927,14
4928,10
4929,10
4930,14
4931,14
4932,5
4933,14
4934,10
4935,5
4936,14
4937,4
4938,14
4939,14
4940,1
4941,14
4942,13
4943,14
4944,1
4945,14
4946,14
4947,14
4948,14
4949,5
4950,10
4951,0
4952,14
4953,11
4954,14
4955,10
4956,14
4957,13
4958,14
4959,14
4960,11
4961,9
4962,14
4963,14
4964,14
4965,14
4966,10
4967,3
4968,14
4969,14
4970,10
4971,14
4972,14
4973,1
4974,14
4975,14
4976,14
4977,14
4978,10
4979,14
4980,9
4981,14
4982,14
4983,14
4984,14
4985,14
4986,2
4987,14
4988,5
4989,14
4990,14
4991,14
4992,14
4993,10
4994,14
4995,4
4996,14
4997,14
4998,14
4999,11
5000,10
5001,9
5002,14
5003,7
5004,10
5005,14
5006,14
5007,4
5008,0
5009,14
5010,14
5011,14
5012,4
5013,14
5014,7
5015,14
5016,1
5017,9
5018,14
5019,14
5020,14
5021,14
5022,14
5023,14
5024,11
5025,14
5026,1
5027,14
5028,3
5029,4
5030,1
5031,14
5032,14
5033,14
5034,10
5035,4
5036,14
5037,6
5038,14
5039,14
5040,4
5041,14
5042,10
5043,9
5044,7
5045,6
5046,14
5047,13
5048,13
5049,10
5050,10
5051,14
5052,1
5053,4
5054,14
5055,14
5056,6
5057,14
5058,1
5059,10
5060,14
5061,14
5062,14
5063,4
5064,14
5065,1
5066,1
5067,4
5068,13
5069,14
5070,14
5071,14
5072,14
5073,4
5074,1
5075,3
5076,14
5077,6
5078,4
5079,14
5080,9
5081,13
5082,1
5083,0
5084,14
5085,9
5086,14
5087,14
5088,10
5089,11
5090,7
5091,14
5092,14
5093,10
5094,14
5095,14
5096,1
5097,14
5098,14
5099,14
5100,10
5101,10
5102,1
5103,14
5104,0
5105,10
5106,2
5107,14
5108,14
5109,14
5110,0
5111,14
5112,14
5113,7
5114,14
5115,10
5116,11
5117,14
5118,14
5119,14
5120,14
5121,14
5122,14
5123,14
5124,14
5125,14
5126,14
5127,14
5128,10
5129,4
5130,14
5131,1
5132,14
5133,14
5134,14
5135,7
5136,14
5137,5
5138,12
5139,14
5140,10
5141,10
5142,14
5143,14
5144,14
5145,14
5146,14
5147,5
5148,14
5149,6
5150,10
5151,4
5152,2
5153,14
5154,0
5155,6
5156,10
5157,13
5158,10
5159,6
5160,1
5161,14
5162,14
5163,0
5164,14
5165,14
5166,14
5167,1
5168,4
5169,14
5170,14
5171,5
5172,14
5173,14
5174,14
5175,0
5176,14
5177,6
5178,13
5179,13
5180,14
5181,14
5182,14
5183,3
5184,14
5185,13
5186,10
5187,0
5188,14
5189,14
5190,13
5191,4
5192,13
5193,14
5194,14
5195,3
5196,0
5197,1
5198,14
5199,14
5200,4
5201,3
5202,0
5203,14
5204,14
5205,14
5206,0
5207,5
5208,14
5209,10
5210,14
5211,0
5212,14
5213,7
5214,5
5215,14
5216,14
5217,14
5218,14
5219,14
5220,1
5221,2
5222,13
5223,14
5224,3
5225,14
5226,1
5227,6
5228,10
5229,11
5230,14
5231,14
5232,14
5233,14
5234,14
5235,12
5236,6
5237,14
5238,5
5239,14
5240,14
5241,0
5242,14
5243,14
5244,14
5245,6
5246,14
5247,14
5248,14
5249,14
5250,14
5251,14
5252,14
5253,0
5254,4
5255,7
5256,14
5257,6
5258,14
5259,13
5260,14
5261,10
5262,14
5263,6
5264,14
5265,14
5266,11
5267,4
5268,14
5269,14
5270,6
5271,14
5272,3
5273,6
5274,14
5275,14
5276,3
5277,2
5278,14
5279,6
5280,14
5281,1
5282,12
5283,8
5284,14
5285,9
5286,14
5287,14
5288,14
5289,14
5290,13
5291,6
5292,6
5293,14
5294,1
5295,14
5296,6
5297,14
5298,14
5299,14
5300,6
5301,11
5302,14
5303,14
5304,1
5305,14
5306,5
5307,14
5308,14
5309,14
5310,11
5311,14
5312,12
5313,14
5314,10
5315,1
5316,11
5317,14
5318,2
5319,14
5320,14
5321,1
5322,14
5323,14
5324,14
5325,14
5326,1
5327,14
5328,14
5329,14
5330,14
5331,14
5332,9
5333,12
5334,14
5335,14
5336,14
5337,14
5338,5
5339,4
5340,14
5341,14
5342,14
5343,0
5344,14
5345,14
5346,14
5347,0
5348,11
5349,10
5350,14
5351,14
5352,3
5353,10
5354,14
5355,14
5356,7
5357,8
5358,14
5359,5
5360,14
5361,5
5362,14
5363,14
5364,14
5365,14
5366,1
5367,14
5368,12
5369,9
5370,14
5371,14
5372,10
5373,0
5374,14
5375,14
5376,14
5377,14
5378,5
5379,14
5380,10
5381,14
5382,14
5383,14
5384,14
5385,5
5386,5
5387,14
5388,14
5389,12
5390,14
5391,14
5392,10
5393,10
5394,14
5395,14
5396,14
5397,14
5398,12
5399,14
5400,14
5401,14
5402,14
5403,14
5404,7
5405,14
5406,1
5407,10
5408,14
5409,14
5410,1
5411,14
5412,14
5413,5
5414,6
5415,14
5416,14
5417,1
5418,3
5419,14
5420,14
5421,14
5422,14
5423,4
5424,14
5425,2
5426,14
5427,10
5428,9
5429,4
5430,14
5431,14
5432,0
5433,14
5434,11
5435,14
5436,12
5437,10
5438,14
5439,14
5440,1
5441,10
5442,10
5443,7
5444,14
5445,14
5446,14
5447,14
5448,11
5449,14
5450,14
5451,9
5452,5
5453,14
5454,14
5455,14
5456,14
5457,4
5458,14
5459,5
5460,14
5461,14
5462,10
5463,6
5464,1
5465,14
5466,14
5467,14
5468,10
5469,14
5470,14
5471,14
5472,2
5473,14
5474,9
5475,8
5476,14
5477,14
5478,5
5479,11
5480,14
5481,14
5482,14
5483,14
5484,10
5485,14
5486,3
5487,10
5488,14
5489,14
5490,14
5491,14
5492,4
5493,14
5494,8
5495,2
5496,14
5497,0
5498,7
5499,6
5500,12
5501,10
5502,14
5503,14
5504,4
5505,11
5506,14
5507,11
5508,1
5509,5
5510,1
5511,14
5512,14
5513,14
5514,14
5515,5
5516,14
5517,14
5518,14
5519,14
5520,14
5521,13
5522,14
5523,10
5524,14
5525,14
5526,14
5527,14
5528,1
5529,4
5530,14
5531,0
5532,1
5533,14
5534,14
5535,0
5536,14
5537,7
5538,3
5539,14
5540,14
5541,12
5542,0
5543,6
5544,14
5545,0
5546,10
5547,14
5548,9
5549,14
5550,14
5551,14
5552,2
5553,14
5554,13
5555,14
5556,14
5557,14
5558,14
5559,14
5560,14
5561,14
5562,14
5563,14
5564,14
5565,5
5566,12
5567,14
5568,5
5569,14
5570,14
5571,14
5572,1
5573,14
5574,14
5575,14
5576,14
5577,14
5578,6
5579,14
5580,11
5581,10
5582,14
5583,14
5584,13
5585,0
5586,14
5587,10
5588,14
5589,1
5590,6
5591,14
5592,14
5593,14
5594,13
5595,14
5596,14
5597,7
5598,14
5599,14
5600,10
5601,14
5602,10
5603,2
5604,11
5605,14
5606,14
5607,14
5608,1
5609,14
5610,14
5611,14
5612,10
5613,4
5614,11
5615,3
5616,0
5617,14
5618,5
5619,0
5620,14
5621,14
5622,14
5623,0
5624,14
5625,4
5626,5
5627,14
5628,14
5629,0
5630,6
5631,14
5632,14
5633,11
5634,11
5635,14
5636,11
5637,14
5638,9
5639,14
5640,14
5641,14
5642,10
5643,14
5644,1
5645,3
5646,14
5647,14
5648,14
5649,14
5650,14
5651,1
5652,14
5653,2
5654,5
5655,10
5656,13
5657,1
5658,14
5659,14
5660,14
5661,14
5662,14
5663,14
5664,14
5665,14
5666,14
5667,14
5668,14
5669,14
5670,4
5671,14
5672,10
5673,14
5674,14
5675,6
5676,14
5677,0
5678,14
5679,14
5680,1
5681,14
5682,1
5683,14
5684,14
5685,10
5686,14
5687,14
5688,13
5689,14
5690,14
5691,10
5692,14
5693,14
5694,14
5695,8
5696,14
5697,14
5698,14
5699,14
5700,14
5701,0
5702,14
5703,8
5704,11
5705,14
5706,14
5707,13
5708,14
5709,14
5710,14
5711,14
5712,14
5713,14
5714,14
5715,14
5716,1
5717,13
5718,14
5719,14
5720,14
5721,14
5722,14
5723,14
5724,1
5725,14
5726,1
5727,7
5728,14
5729,1
5730,14
5731,11
5732,14
5733,14
5734,14
5735,5
5736,14
5737,14
5738,14
5739,14
5740,12
5741,14
5742,1
5743,14
5744,14
5745,14
5746,14
5747,11
5748,10
5749,11
5750,1
5751,10
5752,14
5753,1
5754,1
5755,10
5756,10
5757,10
5758,14
5759,5
5760,14
5761,2
5762,14
5763,1
5764,13
5765,14
5766,14
5767,6
5768,14
5769,14
5770,14
5771,14
5772,14
5773,14
5774,14
5775,0
5776,14
5777,14
5778,14
5779,14
5780,14
5781,14
5782,14
5783,6
5784,10
5785,6
5786,14
5787,14
5788,1
5789,14
5790,14
5791,14
5792,1
5793,3
5794,7
5795,14
5796,13
5797,14
5798,14
5799,14
5800,14
5801,14
5802,13
5803,14
5804,7
5805,14
5806,14
5807,4
5808,14
5809,1
5810,14
5811,0
5812,14
5813,14
5814,14
5815,14
5816,14
5817,14
5818,14
5819,6
5820,3
5821,1
5822,14
5823,6
5824,2
5825,14
5826,14
5827,7
5828,8
5829,10
5830,1
5831,0
5832,14
5833,14
5834,8
5835,10
5836,14
5837,6
5838,14
5839,14
5840,14
5841,14
5842,14
5843,14
5844,10
5845,14
5846,14
5847,7
5848,14
5849,14
5850,11
5851,14
5852,10
5853,14
5854,7
5855,1
5856,14
5857,14
5858,14
5859,14
5860,14
5861,14
5862,14
5863,14
5864,14
5865,14
5866,8
5867,14
5868,10
5869,14
5870,14
5871,14
5872,12
5873,14
5874,14
5875,14
5876,14
5877,14
5878,14
5879,10
5880,10
5881,10
5882,0
5883,14
5884,12
5885,14
5886,4
5887,1
5888,14
5889,14
5890,6
5891,14
5892,14
5893,5
5894,14
5895,4
5896,14
5897,4
5898,14
5899,0
5900,14
5901,1
5902,14
5903,14
5904,14
5905,0
5906,14
5907,3
5908,12
5909,1
5910,14
5911,14
5912,14
5913,14
5914,14
5915,1
5916,12
5917,14
5918,14
5919,14
5920,12
5921,0
5922,14
5923,14
5924,2
5925,1
5926,14
5927,14
5928,7
5929,14
5930,14
5931,4
5932,11
5933,14
5934,14
5935,14
5936,0
5937,5
5938,14
5939,0
5940,12
5941,1
5942,14
5943,14
5944,3
5945,14
5946,14
5947,14
5948,14
5949,14
5950,3
5951,4
5952,0
5953,14
5954,14
5955,14
5956,4
5957,1
5958,13
5959,14
5960,10
5961,6
5962,7
5963,14
5964,14
5965,4
5966,14
5967,14
5968,14
5969,14
5970,1
5971,14
5972,14
5973,14
5974,13
5975,14
5976,0
5977,1
5978,7
5979,14
5980,1
5981,1
5982,1
5983,14
5984,14
5985,14
5986,14
5987,5
5988,1
5989,13
5990,4
5991,14
5992,11
5993,14
5994,0
5995,14
5996,14
5997,14
5998,14
5999,13
6000,14
6001,10
6002,14
6003,14
6004,7
6005,10
6006,4
6007,12
6008,14
6009,14
6010,14
6011,14
6012,7
6013,14
6014,14
6015,0
6016,4
6017,14
6018,14
6019,14
6020,14
6021,14
6022,14
6023,0
6024,14
6025,14
6026,14
6027,14
6028,14
6029,14
6030,14
6031,10
6032,14
6033,14
6034,14
6035,14
6036,2
6037,14
6038,0
6039,0
6040,14
6041,10
6042,14
6043,14
6044,14
6045,13
6046,0
6047,13
6048,14
6049,1
6050,6
6051,14
6052,14
6053,14
6054,14
6055,14
6056,14
6057,14
6058,14
6059,10
6060,6
6061,14
6062,1
6063,0
6064,14
6065,14
6066,5
6067,5
6068,14
6069,4
6070,0
6071,2
6072,14
6073,14
6074,14
6075,14
6076,14
6077,5
6078,0
6079,4
6080,14
6081,4
6082,14
6083,14
6084,14
6085,14
6086,13
6087,14
6088,4
6089,14
6090,14
6091,14
6092,1
6093,4
6094,5
6095,0
6096,14
6097,14
6098,14
6099,1
6100,14
6101,14
6102,4
6103,14
6104,14
6105,14
6106,14
6107,14
6108,0
6109,14
6110,0
6111,1
6112,14
6113,14
6114,6
6115,14
6116,14
6117,14
6118,14
6119,14
6120,14
6121,14
6122,14
6123,0
6124,1
6125,4
6126,14
6127,14
6128,14
6129,14
6130,14
6131,14
6132,7
6133,14
6134,10
6135,14
6136,14
6137,14
6138,7
6139,0
6140,14
6141,1
6142,14
6143,14
6144,14
6145,14
6146,14
6147,14
6148,14
6149,14
6150,14
6151,14
6152,1
6153,14
6154,14
6155,1
6156,14
6157,14
6158,14
6159,14
6160,14
6161,14
6162,14
6163,0
6164,14
6165,0
6166,11
6167,14
6168,10
6169,1
6170,1
6171,0
6172,14
6173,14
6174,4
6175,7
6176,12
6177,14
6178,14
6179,14
6180,4
6181,7
6182,14
6183,14
6184,14
6185,14
6186,2
6187,13
6188,14
6189,14
6190,14
6191,14
6192,14
6193,2
6194,6
6195,14
6196,1
6197,14
6198,14
6199,14
6200,14
6201,14
6202,14
6203,14
6204,14
6205,14
6206,14
6207,14
6208,14
6209,14
6210,14
6211,14
6212,14
6213,14
6214,14
6215,14
6216,14
6217,14
6218,14
6219,14
6220,14
6221,14
6222,14
6223,14
6224,14
6225,14
6226,14
6227,14
6228,14
6229,1
6230,14
6231,14
6232,14
6233,14
6234,12
6235,14
6236,14
6237,14
6238,14
6239,3
6240,14
6241,4
6242,14
6243,10
6244,9
6245,2
6246,14
6247,14
6248,14
6249,5
6250,14
6251,1
6252,4
6253,14
6254,14
6255,12
6256,14
6257,14
6258,1
6259,14
6260,14
6261,14
6262,1
6263,14
6264,1
6265,14
6266,0
6267,14
6268,14
6269,5
6270,14
6271,14
6272,14
6273,4
6274,14
6275,14
6276,0
6277,7
6278,14
6279,4
6280,14
6281,14
6282,11
6283,14
6284,14
6285,14
6286,14
6287,14
6288,7
6289,14
6290,14
6291,14
6292,14
6293,0
6294,14
6295,14
6296,3
6297,14
6298,14
6299,14
6300,14
